,accuracy,precision,recall,f1_score
Logistic Regression,0.5,0.5666666666666667,0.5,0.4666666666666666
SVM,0.6,0.78,0.6,0.6142857142857142
Indo-BERT,0.6,0.3666666666666666,0.6,0.4533333333333333
