,accuracy_at_k,mrr
Logistic Regression,0.22,0.13399999999999998
SVM,0.28,0.14733333333333332
Indo-BERT,1.0,0.8533333333333333
